text,label
"Managing and motivating employees effectively in Remote work environments can be challenging, negatively impacting the success of IT companies.",0
The comfort and familiarity of a home-based work environment can improve productivity and satisfaction in Remote work environments.,1
"Remote work environments can alleviate long commutes and traffic congestion, improving the quality of life for IT employees.",1
"With the increasing adoption of Remote work environments due to the pandemic, it's likely that IT companies will continue to leverage the benefits of such arrangements.",1
"Remote work environments can help alleviate IT talent shortages in certain geographic areas, providing access to a broader pool of skilled professionals.",1
"Offering flexible work arrangements, including Remote work environments, can be an effective way for IT companies to attract and retain top talent.",1
"Building trust and relationships among team members can be difficult in Remote work environments, negatively impacting the performance of IT companies.",0
"Remote work environments provide employees with greater flexibility and better work-life balance, which can increase job satisfaction and retention.",1
"Managing and coordinating team members effectively in Remote work environments can be challenging, leading to difficulties in achieving goals and objectives.",0
"In-person collaboration and training are important for building skills and expertise in certain IT roles, which may be challenging in Remote work environments.",0
"A lack of accountability and responsibility among IT employees can be a disadvantage of Remote work environments, impacting the success of IT companies.",0
The isolation and lack of company culture in Remote work environments can lead to disengaged employees and negatively impact the success of IT companies.,0
Remote work environments can promote a more diverse and inclusive IT industry by reducing geographic and physical barriers to employment.,1
The agility and responsiveness of Remote work environments can give IT companies a competitive edge in responding to market conditions and changing business needs.,1
"The ability to access a global pool of talent, reduce overhead costs, and increase productivity make Remote work environments a compelling option for IT companies.",1
"Advancements in communication and collaboration technologies have made Remote work environments more accessible and efficient than ever before, and the IT industry is taking advantage of these opportunities.",1
"Managing and coordinating complex IT projects effectively can be challenging in Remote work environments, impacting the success of IT companies.",0
A lack of team identity and alignment in Remote work environments can negatively impact the performance of IT companies.,0
The flexibility of Remote work environments can be especially beneficial for IT employees with disabilities or other unique needs.,1
The challenges of monitoring employee performance and ensuring quality work in Remote work environments can make it difficult for IT companies to maintain high standards of productivity and quality.,0
Certain IT roles that require specialized equipment or access to certain facilities may not be suitable for Remote work environments.,0
"The cost savings of Remote work environments can enable IT companies to invest more in research and development, promoting innovation and growth.",1
Greater employee autonomy and ownership over work can increase motivation and job satisfaction in Remote work environments.,1
A lack of team cohesion and alignment in Remote work environments can negatively impact the ability of IT companies to achieve their goals and objectives.,0
The lack of social interaction and connection in Remote work environments can lead to disengaged and unproductive employees.,0
Remote work environments can contribute to sustainability efforts by reducing office space and promoting remote work arrangements.,1
"While in-person interactions are essential for creativity and innovation, the flexibility and cost savings of Remote work environments make them an attractive option for the IT industry.",0
The lack of face-to-face communication and collaboration in Remote work environments can be a disadvantage for IT companies that depend on teamwork and innovation to drive success.,0
